epoch,time,train/box_loss,train/cls_loss,train/dfl_loss,metrics/precision(B),metrics/recall(B),metrics/mAP50(B),metrics/mAP50-95(B),val/box_loss,val/cls_loss,val/dfl_loss,lr/pg0,lr/pg1,lr/pg2
1,22.6406,0.80781,3.71488,1.06965,0.09847,0.48481,0.15602,0.13679,0.53343,2.53071,0.90035,0.0671241,0.00033208,0.00033208
2,47.1113,0.66145,2.28826,0.97662,0.53058,0.7326,0.58623,0.52361,0.48168,1.40013,0.89926,0.034124,0.000665395,0.000665395
